department,department_id,code,title,grade,type,credit,prerequisite,description,curriculum_year,ministry_source_url
Technological Education,ONTARIO-TECH,TAS1O,Technology and the Skilled Trades,9,Open,1.0,Pending Ministry verification,"This hands-on course enables students to further explore the engineering design process and develop other technological knowledge and skills introduced in earlier grades. Students will design and safely create prototypes, products...",2024,https://www.dcp.edu.gov.on.ca/en/curriculum/technological-education/courses/tas1o
Technological Education,ONTARIO-TECH,TAS2O,Technology and the Skilled Trades,10,Open,1.0,Pending Ministry verification,"This hands-on course enables students to apply the engineering design process and other technological knowledge and skills introduced in earlier grades. Students will design and safely create prototypes, products, and/or services...",2024,https://www.dcp.edu.gov.on.ca/en/curriculum/technological-education/courses/tas2o
Technological Education,ONTARIO-TECH,TCJ3C,Construction Engineering Technology,11,College Preparation,1.0,Pending Ministry verification,"This course focuses on the development of knowledge and skills related to residential construction. Students will gain hands-on experience using a variety of construction materials, processes, tools, and equipment; learn about building...",2009,https://www.dcp.edu.gov.on.ca/en/curriculum/technological-education/courses/tcj3c
Technological Education,ONTARIO-TECH,TCJ3E,Construction Technology,11,Workplace Preparation,1.0,Pending Ministry verification,"This course enables students to develop technical knowledge and skills related to carpentry, masonry, electrical systems, heating and cooling, and plumbing for residential construction. Students will gain hands-on experience using...",2009,https://www.dcp.edu.gov.on.ca/en/curriculum/technological-education/courses/tcj3e
Technological Education,ONTARIO-TECH,TCJ4C,Construction Engineering Technology,12,College Preparation,1.0,Pending Ministry verification,"This course enables students to further develop knowledge and skills related to residential construction and to explore light commercial construction. Students will gain hands-on experience using a variety of materials, processes...",2009,https://www.dcp.edu.gov.on.ca/en/curriculum/technological-education/courses/tcj4c
Technological Education,ONTARIO-TECH,TCJ4E,Construction Technology,12,Workplace Preparation,1.0,Pending Ministry verification,This course enables students to further develop technical knowledge and skills related to residential construction and to explore light commercial construction. Students will continue to gain hands-on experience using a variety of...,2009,https://www.dcp.edu.gov.on.ca/en/curriculum/technological-education/courses/tcj4e
Technological Education,ONTARIO-TECH,TDJ3M,Technological Design,11,University/College Preparation,1.0,Pending Ministry verification,"This course examines how technological design is influenced by human, environmental, financial, and material requirements and resources. Students will research, design, build, and assess solutions that meet specific human needs, using...",2009,https://www.dcp.edu.gov.on.ca/en/curriculum/technological-education/courses/tdj3m
Technological Education,ONTARIO-TECH,TDJ3O,Technological Design and the Environment,11,Open,1.0,Pending Ministry verification,"This course enables students to apply a systematic process for researching, designing, building, and assessing solutions to address specific human and environmental challenges. Through their work on various projects, students will...",2009,https://www.dcp.edu.gov.on.ca/en/curriculum/technological-education/courses/tdj3o
Technological Education,ONTARIO-TECH,TDJ4M,Technological Design,12,University/College Preparation,1.0,Pending Ministry verification,"This course introduces students to the fundamentals of design advocacy and marketing, while building on their design skills and their knowledge of professional design practices. Students will apply a systematic design process to research...",2009,https://www.dcp.edu.gov.on.ca/en/curriculum/technological-education/courses/tdj4m
Technological Education,ONTARIO-TECH,TDJ4O,Technological Design in the Twenty-first Century,12,Open,1.0,Pending Ministry verification,"This course focuses on the relationship between society and technological development. Students will use appropriate tools, techniques, and strategies to research, design, build, and assess prototypes for products and/or processes...",2009,https://www.dcp.edu.gov.on.ca/en/curriculum/technological-education/courses/tdj4o
Technological Education,ONTARIO-TECH,TEJ3E,Computer Technology,11,Workplace Preparation,1.0,Pending Ministry verification,"This course enables students to develop knowledge and skills related to computer hardware, networks, operating systems, and other software. Students will use utility and application software, and learn proper procedures for...",2009,https://www.dcp.edu.gov.on.ca/en/curriculum/technological-education/courses/tej3e
Technological Education,ONTARIO-TECH,TEJ3M,Computer Engineering Technology,11,University/College Preparation,1.0,Pending Ministry verification,This course examines computer systems and control of external devices. Students will assemble computers and small networks by installing and configuring appropriate hardware and software. Students will develop knowledge and skills...,2009,https://www.dcp.edu.gov.on.ca/en/curriculum/technological-education/courses/tej3m
Technological Education,ONTARIO-TECH,TEJ4E,Computer Technology,12,Workplace Preparation,1.0,Pending Ministry verification,"This course enables students to further develop their practical understanding of computer hardware, software, networks, and operating systems. Students will use utility and application software, and will follow proper procedures for...",2009,https://www.dcp.edu.gov.on.ca/en/curriculum/technological-education/courses/tej4e
Technological Education,ONTARIO-TECH,TEJ4M,Computer Engineering Technology,12,University/College Preparation,1.0,Pending Ministry verification,"This course extends students’ understanding of computer systems and computer interfacing with external devices. Students will assemble computer systems by installing and configuring appropriate hardware and software, and will...",2009,https://www.dcp.edu.gov.on.ca/en/curriculum/technological-education/courses/tej4m
Technological Education,ONTARIO-TECH,TFJ3C,Hospitality and Tourism,11,College Preparation,1.0,Pending Ministry verification,"This course enables students to develop or expand knowledge and skills related to hospitality and tourism, as reflected in the various sectors of the tourism industry. Students will learn about preparing and presenting food, evaluating...",2009,https://www.dcp.edu.gov.on.ca/en/curriculum/technological-education/courses/tfj3c
Technological Education,ONTARIO-TECH,TFJ3E,Hospitality and Tourism,11,Workplace Preparation,1.0,Pending Ministry verification,"This course enables students to acquire knowledge and skills related to the food and beverage services sector of the tourism industry. Students will learn how to prepare, present, and serve food using a variety of tools and equipment...",2009,https://www.dcp.edu.gov.on.ca/en/curriculum/technological-education/courses/tfj3e
Technological Education,ONTARIO-TECH,TFJ4C,Hospitality and Tourism,12,College Preparation,1.0,Pending Ministry verification,This course enables students to further develop knowledge and skills related to the various sectors of the tourism industry. Students will demonstrate advanced food preparation and presentation skills; increase health and wellness...,2009,https://www.dcp.edu.gov.on.ca/en/curriculum/technological-education/courses/tfj4c
Technological Education,ONTARIO-TECH,TFJ4E,Hospitality and Tourism,12,Workplace Preparation,1.0,Pending Ministry verification,This course enables students to further develop knowledge and skills related to the food and beverage services sector of the tourism industry. Students will demonstrate proficiency in using food preparation and presentation tools...,2009,https://www.dcp.edu.gov.on.ca/en/curriculum/technological-education/courses/tfj4e
Technological Education,ONTARIO-TECH,TGJ3M,Communications Technology,11,University/College Preparation,1.0,Pending Ministry verification,"This course examines communications technology from a media perspective. Students will develop knowledge and skills as they design and produce media projects in areas of live, recorded, and graphic communications...",2009,https://www.dcp.edu.gov.on.ca/en/curriculum/technological-education/courses/tgj3m
Technological Education,ONTARIO-TECH,TGJ3O,Communications Technology: Broadcast and Print Production,11,Open,1.0,Pending Ministry verification,"This course enables students to develop knowledge and skills in the areas of graphic communication, printing and publishing, audio and video production, and broadcast journalism. Students will work both independently and as part of..",2009,https://www.dcp.edu.gov.on.ca/en/curriculum/technological-education/courses/tgj3o
Technological Education,ONTARIO-TECH,TGJ4M,Communications Technology,12,University/College Preparation,1.0,Pending Ministry verification,"This course enables students to further develop media knowledge and skills while designing and producing projects in the areas of live, recorded, and graphic communications. Students may work in the areas of TV, video, and movie..",2009,https://www.dcp.edu.gov.on.ca/en/curriculum/technological-education/courses/tgj4m
Technological Education,ONTARIO-TECH,TGJ4O,Communications Technology: Digital Imagery and Web Design,12,Open,1.0,Pending Ministry verification,"This course enables students to develop knowledge and skills in the areas of photography, digital imaging, animation, 3D modelling, and web design. Students will work both independently and as part of a production team to design and...",2009,https://www.dcp.edu.gov.on.ca/en/curriculum/technological-education/courses/tgj4o
Technological Education,ONTARIO-TECH,THJ3E,Green Industries,11,Workplace Preparation,1.0,Pending Ministry verification,"This course enables students to develop knowledge and skills related to agriculture, floristry, forestry, horticulture, and landscaping. Students will learn to identify a broad range of plant and animal species; examine factors that...",2009,https://www.dcp.edu.gov.on.ca/en/curriculum/technological-education/courses/thj3e
Technological Education,ONTARIO-TECH,THJ3M,Green Industries,11,University/College Preparation,1.0,Pending Ministry verification,"This course enables students to develop knowledge and skills related to agriculture, forestry, horticulture, and landscaping. Students will study the identification, growth, and management of plants and animals and develop process...",2009,https://www.dcp.edu.gov.on.ca/en/curriculum/technological-education/courses/thj3m
Technological Education,ONTARIO-TECH,THJ4E,Green Industries,12,Workplace Preparation,1.0,Pending Ministry verification,"This course enables students to gain further experience with a variety of industry procedures and operations and to acquire additional industry-specific skills. Students will study more complex processes, develop more advanced...",2009,https://www.dcp.edu.gov.on.ca/en/curriculum/technological-education/courses/thj4e
Technological Education,ONTARIO-TECH,THJ4M,Green Industries,12,University/College Preparation,1.0,Pending Ministry verification,"This course focuses on more complex concepts and skills related to the green industries. Students will focus on developing process skills, design and management techniques, and ways of enhancing environmental sustainability...",2009,https://www.dcp.edu.gov.on.ca/en/curriculum/technological-education/courses/thj4m
Technological Education,ONTARIO-TECH,TMJ3C,Manufacturing Technology,11,College Preparation,1.0,Pending Ministry verification,"This course enables students to develop knowledge and skills through hands-on, project-based learning. Students will acquire design, fabrication, and problem-solving skills while using tools and equipment such as lathes...",2009,https://www.dcp.edu.gov.on.ca/en/curriculum/technological-education/courses/tmj3c
Technological Education,ONTARIO-TECH,TMJ3E,Manufacturing Technology,11,Workplace Preparation,1.0,Pending Ministry verification,"This hands-on, project-based course is designed for students planning to enter an occupation or apprenticeship in manufacturing directly after graduation. Students will work on a variety of manufacturing projects, developing knowledge...",2009,https://www.dcp.edu.gov.on.ca/en/curriculum/technological-education/courses/tmj3e
Technological Education,ONTARIO-TECH,TMJ3M,Manufacturing Engineering Technology,11,University/College Preparation,1.0,Pending Ministry verification,"This course enables students to develop knowledge and skills related to design, process planning, control systems, and quality assurance. Students will use a broad range of tools and equipment and will combine modern...",2009,https://www.dcp.edu.gov.on.ca/en/curriculum/technological-education/courses/tmj3m
Technological Education,ONTARIO-TECH,TMJ4C,Manufacturing Technology,12,College Preparation,1.0,Pending Ministry verification,"This course enables students to further develop knowledge and skills related to machining, welding, print reading, computer numerical control (CNC), robotics, and design. Students will develop proficiency in using mechanical...",2009,https://www.dcp.edu.gov.on.ca/en/curriculum/technological-education/courses/tmj4c
Technological Education,ONTARIO-TECH,TMJ4E,Manufacturing Technology,12,Workplace Preparation,1.0,Pending Ministry verification,"This project-driven, hands-on course builds on students’ experiences in manufacturing technology. Students will further develop knowledge and skills related to the use of engine lathes, milling machines, welding machines, and other tools...",2009,https://www.dcp.edu.gov.on.ca/en/curriculum/technological-education/courses/tmj4e
Technological Education,ONTARIO-TECH,TMJ4M,Manufacturing Engineering Technology,12,University/College Preparation,1.0,Pending Ministry verification,"This course enables students to further develop knowledge and skills related to design, process planning, control systems, project management, quality assurance, and business operations. Students will use a broad range of tools...",2009,https://www.dcp.edu.gov.on.ca/en/curriculum/technological-education/courses/tmj4m
Technological Education,ONTARIO-TECH,TOJ4C,Child Development and Gerontology,12,College Preparation,1.0,Pending Ministry verification,"This course enables students to examine the stages of child development and the aging process. Students will study the processes of disease and factors contributing to health and well-being in early and later life, and will develop...",2009,https://www.dcp.edu.gov.on.ca/en/curriculum/technological-education/courses/toj4c
Technological Education,ONTARIO-TECH,TPJ3C,Health Care,11,College Preparation,1.0,Pending Ministry verification,"This course enables students to develop their understanding of basic health care procedures, including the safe use of appropriate instruments, equipment, and materials. Students will focus on health care fundamentals, including...",2009,https://www.dcp.edu.gov.on.ca/en/curriculum/technological-education/courses/tpj3c
Technological Education,ONTARIO-TECH,TPJ3M,Health Care,11,University/College Preparation,1.0,Pending Ministry verification,"This course enables students to develop their understanding of basic health care procedures, including the safe use of appropriate instruments, equipment, and materials. Students will focus on health care fundamentals, including...",2009,https://www.dcp.edu.gov.on.ca/en/curriculum/technological-education/courses/tpj3m
Technological Education,ONTARIO-TECH,TPJ4C,Health Care,12,College Preparation,1.0,Pending Ministry verification,This course focuses on the development of clinical skills needed to assess general health status. Students will learn about accepted health care practices and demonstrate an understanding of some basic procedures and the...,2009,https://www.dcp.edu.gov.on.ca/en/curriculum/technological-education/courses/tpj4c
Technological Education,ONTARIO-TECH,TPJ4E,Health Care: Support Services,12,Workplace Preparation,1.0,Pending Ministry verification,This course enables students to develop the basic skills needed for careers in a range of health care support services. Students will practise and apply a variety of clinical procedures and infection control skills as they learn about...,2009,https://www.dcp.edu.gov.on.ca/en/curriculum/technological-education/courses/tpj4e
Technological Education,ONTARIO-TECH,TPJ4M,Health Care,12,University/College Preparation,1.0,Pending Ministry verification,This course focuses on the development of a range of skills needed to analyse and interpret clinical findings. Students will learn about accepted health care practices and demonstrate an understanding of basic procedures and...,2009,https://www.dcp.edu.gov.on.ca/en/curriculum/technological-education/courses/tpj4m
Technological Education,ONTARIO-TECH,TTJ3C,Transportation Technology,11,College Preparation,1.0,Pending Ministry verification,"This course enables students to develop technical knowledge and skills as they study, test, service, and repair engine, electrical, suspension, brake, and steering systems on vehicles, aircraft, and/or watercraft. Students will develop...",2009,https://www.dcp.edu.gov.on.ca/en/curriculum/technological-education/courses/ttj3c
Technological Education,ONTARIO-TECH,TTJ4C,Transportation Technology,12,College Preparation,1.0,Pending Ministry verification,"This course enables students to further develop technical knowledge and skills as they study, test, service, and repair engine management systems; powertrains; steering/ control, suspension, brake, and body systems on vehicles, aircraft...",2009,https://www.dcp.edu.gov.on.ca/en/curriculum/technological-education/courses/ttj4c
Technological Education,ONTARIO-TECH,TTJ4E,Transportation Technology: Vehicle Maintenance,12,Workplace Preparation,1.0,Pending Ministry verification,"This course introduces students to the servicing, repair, and maintenance of vehicles through practical applications. The course is appropriate for all students as a general interest course to prepare them for future vehicle operation...",2009,https://www.dcp.edu.gov.on.ca/en/curriculum/technological-education/courses/ttj4e
Technological Education,ONTARIO-TECH,TWJ3E,Custom Woodworking,11,Workplace Preparation,1.0,Pending Ministry verification,"This course enables students to develop knowledge and skills related to cabinet making and furniture making. Students will gain practical experience using a variety of the materials, tools, equipment, and joinery techniques associated...",2009,https://www.dcp.edu.gov.on.ca/en/curriculum/technological-education/courses/twj3e
Technological Education,ONTARIO-TECH,TWJ4E,Custom Woodworking,12,Workplace Preparation,1.0,Pending Ministry verification,"This course enables students to further develop knowledge and skills related to the planning, design, and construction of residential and/or commercial cabinets and furniture. Students will gain further experience in the safe...",2009,https://www.dcp.edu.gov.on.ca/en/curriculum/technological-education/courses/twj4e
Technological Education,ONTARIO-TECH,TXJ3E,Hairstyling and Aesthetics,11,Workplace Preparation,1.0,Pending Ministry verification,This course enables students to develop knowledge and skills in cosmetology and offers a variety of applications that will equip students to provide services for a diverse clientele. Students will identify trends in the hairstyling and...,2009,https://www.dcp.edu.gov.on.ca/en/curriculum/technological-education/courses/txj3e
Technological Education,ONTARIO-TECH,TXJ4E,Hairstyling and Aesthetics,12,Workplace Preparation,1.0,Pending Ministry verification,"This course enables students to develop increased proficiency in a wide range of hairstyling and aesthetics services. Working in a salon/spa team environment, students will strengthen their fundamental cosmetology skills and...",2009,https://www.dcp.edu.gov.on.ca/en/curriculum/technological-education/courses/txj4e
